Accuracy,Precision,Recall,F1 Score,ROC AUC
0.9401308304891922,0.8720452209660843,0.907972177635099,0.889646133682831,0.9751158254804555
